Title,Year,Field,Link
CRISPR-Cas9 Genome Editing,2023,Genetics,https://doi.org/10.xxxx/crispr
Protein Folding AI Prediction,2022,Structural Biology,https://doi.org/10.xxxx/protein
Microbiome and Gut Health,2025,Microbiology,https://doi.org/10.xxxx/microbiome
Stem Cell Regeneration,2023,Cell Biology,https://doi.org/10.xxxx/stemcell
mRNA Vaccines Development,2021,Immunology,https://doi.org/10.xxxx/mrna
Synthetic Biology Circuits,2022,Synthetic Biology,https://doi.org/10.xxxx/synthetic
Neural Development in Embryos,2020,Developmental Biology,https://doi.org/10.xxxx/neural
Cancer Metabolism Pathways,2023,Cancer Biology,https://doi.org/10.xxxx/cancer
Marine Biodiversity Decline,2024,ecology,https://doi.org/10.xxxx/marine
